EQUIPO;Usuario;Password
2610-DT-1;Alexander;987654
2610-HO-1;Paul;123456
2610-BH-1;;
2610-FL-1;;
2610-FA-1;;
2610-AR-1;;
2610-CR-1;;
2730-FE-1;;
2730-MA-1;;
2730-CV-1;;
2730-DT-1;;
2730-FE-2;;
2730-MA-2;;
2730-CV-2;;
3140-FE-1;;
3140-FE-2;;
3140-FE-3;;
3140-FE-4;;
3140-CV-1;;
3140-FE-5;;
3140-FE-6;;
3140-FE-7;;
3140-FE-8;;
3140-CV-2;;
3140-PU-1;;
3140-BH-1;;
3140-BH-2;;
3210-MI-1;;
3210-SN-1;;
3210-BX-1;;
3210-MI-2;;
3210-SN-2;;
3210-BX-4;;
3210-PU-1;;
3210-PU-2;;
3210-CY-1;;
3210-MI-3;;
3210-XM-5;;
3210-CY-3;;
3210-PU-3;;
3210-PU-21;;
3210-CY-2;;
3210-MI-4;;
3210-XM-6;;
3210-PU-17;;
3210-CY-4;;
3210-TK-1;;
3210-CV-1;;
3210-PU-22;;
3210-FE-2;;
3210-CT-1;;
3210-CT-2;;
3210-CT-3;;
3210-CT-4;;
3210-CT-5;;
3210-FE-1;;
3210-FE-3;;
3210-BX-23;;
3210-PU-25;;
3210-PU-26;;
3210-CV-2;;
3220-CV-1;;
3220-CH-37;;
3220-HO-1;;
3220-CH-39;;
3220-CH-5;;
3220-CV-9;;
3220-CV-10;;
3220-CV-11;;
3220-FE-1;;
3220-CV-3;;
3220-CV-14;;
3220-CH-18;;
3220-CH-40;;
3220-CV-15;;
3220-MA-1;;
3220-MA-2;;
3220-MA-3;;
3220-CR-1;;
3310-DB-1;;
3310-FT-5;;
3310-BX-24;;
3310-FT-15;;
3310-FT-25;;
3310-FT-35;;
3310-BX-2;;
3310-PU-1;;
3310-PU-2;;
3310-PU-14;;
3320-BX-1;;
3310-BX-3;;
3310-PU-3;;
3310-PU-4;;
3310-DB-3;;
3310-FT-71;;
3310-FT-72;;
3310-FT-73;;
3310-FT-74;;
3310-PU-15;;
3310-PU-16;;
3310-BL-1;;
3310-BL-2;;
3310-BL-3;;
3310-BL-4;;
3310-BX-1;;
3310-FT-1;;
3310-FT-2;;
3310-FT-3;;
3310-FT-4;;
3310-FT-6;;
3310-FT-7;;
3310-FT-8;;
3310-FT-11;;
3310-FT-12;;
3310-FT-13;;
3310-FT-14;;
3310-FT-16;;
3310-FT-17;;
3310-FT-18;;
3310-FT-21;;
3310-FT-22;;
3310-FT-23;;
3310-FT-24;;
3310-FT-26;;
3310-FT-27;;
3310-FT-28;;
3310-FT-31;;
3310-FT-32;;
3310-FT-33;;
3310-FT-34;;
3310-FT-36;;
3310-FT-37;;
3310-FT-38;;
3310-FT-47;;
3310-FT-51;;
3310-FT-48;;
3310-FT-49;;
3310-FT-59;;
3310-FT-60;;
3310-FT-61;;
3310-FT-62;;
3310-BX-11;;
3310-FT-52;;
3310-FT-53;;
3310-FT-64;;
3310-FT-65;;
3310-FT-66;;
3310-FT-67;;
3320-PU-11;;
3320-PU-12;;
3320-PU-1;;
3320-PU-2;;
3320-PU-3;;
3320-CY-1;;
3320-CY-2;;
3320-CY-3;;
3320-MI-1;;
3320-MI-2;;
3320-MI-3;;
3330-PO-1;;
3340-CF-101;;
3520-PU-195;;
3520-PU-196;;
3350-PU-199;;
3720-PU-7;;
3340-CF-102;;
3720-PU-8;;
3350-PU-120;;
3340-CF-103;;
3350-PU-121;;
3350-PU-130;;
3340-CF-104;;
3350-PU-131;;
3350-PU-140;;
3340-CF-105;;
3350-PU-141;;
3350-PU-150;;
3340-CF-106;;
3350-PU-151;;
3350-PU-160;;
3340-CF-107;;
3350-PU-161;;
3340-CF-108;;
3340-CF-109;;
3340-CF-110;;
3340-HF-101;;
3350-TK-104;;
3350-TK-103;;
3340-HF-102;;
3350-TK-108;;
3350-TK-105;;
3350-PU-178;;
3340-HF-103;;
3350-PU-176;;
3350-PU-177;;
3350-TK-106;;
3340-HF-104;;
3340-HF-105;;
3340-HF-106;;
3340-HF-107;;
3340-HF-108;;
3340-HF-109;;
3340-HF-110;;
3340-TH-101;;
3340-TH-102;;
3340-TH-103;;
3340-PU-104;;
3340-PU-105;;
3340-PU-108;;
3340-PU-171;;
3340-ZA-101;;
3340-DB-105;;
3340-PU-111;;
3340-PU-191;;
3340-MI-101;;
3340-MI-102;;
3340-BX-103;;
3340-PU-106;;
3340-PU-107;;
3340-PU-173;;
3340-PU-175;;
3340-BX-106;;
3340-PU-110;;
3340-PU-190;;
3340-BX-135;;
3340-PU-197;;
3340-TK-104;;
3340-PU-112;;
3340-PU-114;;
3340-PU-115;;
3340-TK-102;;
3340-TK-103;;
3340-PU-109;;
3340-PU-192;;
3340-PU-193;;
3350-ES-102;;
3350-ES-101;;
3340-CP-101;;
3340-CP-102;;
3340-AR-101;;
3340-AR-102;;
3340-AR-103;;
3340-CP-103;;
3340-LN-106;;
3340-LN-107;;
3340-LN-108;;
3340-PU-170;;
3340-MX-1;;
3340-MX-2;;
3340-MX-3;;
3340-BX-101;;
3340-PU-101;;
3340-PU-102;;
3340-PU-174;;
3340-CY-101;;
3340-CY-102;;
3340-PU-185;;
3340-PU-186;;
3340-PU-198;;
3340-TK-101;;
3340-AG-101;;
3340-DB-104;;
3340-DB-103;;
3520-PU-179;;
3520-PU-182;;
3520-PU-181;;
3520-PU-180;;
3350-TK-110;;
3340-BX-109;;
3340-CY-110;;
3630-PU-6;;
3410-TK-1;;
3410-FT-3;;
3410-FT-13;;
3410-FT-25;;
3410-PU-47;;
3410-FT-1;;
3410-FT-6;;
3410-SK-1;;
3410-BX-6;;
3410-PU-31;;
3410-PU-3;;
3410-PU-4;;
3410-FT-11;;
3410-FT-15;;
3410-SK-2;;
3410-BX-1;;
3410-PU-1;;
3410-PU-2;;
3410-FT-23;;
3410-FT-27;;
3410-FT-28;;
3410-TK-4;;
3410-TK-10;;
3410-SK-3;;
3410-PU-36;;
3410-PU-8;;
3410-PU-7;;
3410-FT-32;;
3410-FT-31;;
3410-TK-5;;
3410-PU-9;;
3410-PU-10;;
3410-BX-10;;
3410-PU-11;;
3410-PU-12;;
3410-BX-5;;
3410-SA-315;;
3410-BX-11;;
3410-PU-23;;
3410-PU-24;;
3410-TH-1;;
3410-BX-12;;
3410-PU-13;;
3410-PU-30;;
3410-PU-14;;
3410-FL-1;;
3410-AR-1;;
3410-PU-34;;
3410-TK-101;;
3410-CS-1;;
3410-DR-1;;
3410-BN-1;;
3410-XM-2;;
3410-CS-5;;
3410-PU-35;;
3410-AY-305;;
3410-TK-6;;
3410-CP-1;;
3410-DB-6;;
3410-PU-46;;
3410-FT-4;;
3410-FT-2;;
3410-FT-5;;
3410-FT-8;;
3410-FT-10;;
3410-FT-9;;
3410-FT-7;;
3410-PU-52;;
3410-PU-53;;
3410-DB-2;;
3410-DB-1;;
3410-FT-12;;
3410-FT-14;;
3410-FT-16;;
3410-FT-18;;
3410-FT-17;;
3410-PU-50;;
3410-PU-51;;
3410-PU-49;;
3410-FT-24;;
3410-FT-26;;
3410-FT-30;;
3410-FT-29;;
3410-PU-55;;
3410-PU-56;;
3410-PU-17;;
3410-PU-18;;
3410-PU-37;;
3410-DB-3;;
3410-TK-7;;
3410-TK-8;;
3410-TK-9;;
3410-PU-102;;
3410-TK-102;;
3410-TDF-DR;;
3410-CS-2;;
3410-CS-4;;
3410-PU-5;;
3410-PU-6;;
3410-PU-15;;
3410-PU-16;;
3410-PU-42;;
3410-PU-43;;
3410-PU-44;;
3510-PU-7;;
3510-PN-2;;
3510-BN-1;;
3510-VA-1;;
3510-FE-1;;
3510-SC-1;;
3510-BN-2;;
3510-MI-1;;
3510-BH-1;;
3510-TK-5;;
3510-CH-2;;
3510-PU-1;;
3510-PU-11;;
3510-TK-1;;
3510-PU-2;;
3510-CY-1;;
3510-PU-3;;
3510-PU-4;;
3510-BH-3;;
3510-VA-2;;
3510-FE-2;;
3510-BH-2;;
3510-BH-4;;
3510-PU-12;;
3510-TK-4;;
3510-PU-6;;
3510-PN-3;;
3510-SC-2;;
3510-TK-2;;
3510-PU-5;;
3510-DB-1;;
3510-TK-3;;
3510-AG-2;;
3510-AG-3;;
3520-PU-1;;
3520-PU-2;;
3520-TK-2;;
3520-PU-4;;
3520-PU-22;;
3520-TK-13;;
3520-PU-6;;
3520-PU-23;;
3520-TK-14;;
3520-PU-38;;
3520-TK-3;;
3520-BH-1;;
3520-TK-4;;
3520-HO-1;;
3520-LC-1;;
3520-PU-33;;
3520-PU-7;;
3520-TK-5;;
3520-PU-8;;
3520-TK-6;;
3520-PU-10;;
3520-TK-7;;
3520-PU-11;;
3520-TK-8;;
3520-PU-13;;
3520-PU-25;;
3520-TK-15;;
3520-PU-36;;
3520-PU-34;;
3520-TK-17;;
3520-PU-26;;
3520-TK-16;;
3520-TK-18;;
3520-PU-32;;
3520-PU-15;;
3520-PU-35;;
3520-TK-1;;
3520-TK-19;;
3520-PU-43;;
3520-PU-44;;
3520-PU-67;;
3520-PU-68;;
3520-PU-55;;
3520-PU-56;;
3520-PU-57;;
3520-PU-58;;
3520-PU-59;;
3520-PU-60;;
3520-PU-61;;
3520-PU-79;;
3520-PU-80;;
3520-PU-81;;
3520-PU-82;;
3520-PU-83;;
3520-PU-87;;
3520-PU-31;;
3520-PU-41;;
3520-PU-40;;
3520-PU-27;;
3520-PU-28;;
3520-PU-29;;
3520-PU-100;;
3520-PU-101;;
3520-FE-1;;
3520-FE-2;;
3520-BN-1;;
3520-BN-2;;
3520-TK-9;;
3520-TK-10;;
3520-PU-14;;
3520-PU-97;;
3520-XM-6;;
3520-XM-7;;
3520-TK-11;;
3520-TK-12;;
3520-PU-16;;
3520-PU-17;;
3520-MX-1;;
3520-MX-2;;
3530-PU-1;;
3530-MX-1;;
3530-TK-4;;
3530-MX-2;;
3530-PU-6;;
3530-PU-7;;
3530-TK-1;;
3530-TK-2;;
3530-PU-2;;
3530-PU-3;;
3540-TK-1;;
3540-PU-1;;
3540-PU-7;;
3540-PU-8;;
3540-PU-9;;
3540-PU-10;;
3540-PU-2;;
3620-PU-10;;
3620-TK-1;;
3620-PU-5;;
3620-PU-6;;
3620-PO-1;;
3620-TH-1;;
3620-PU-1;;
3620-PU-2;;
3620-TH-2;;
3620-PU-3;;
3620-PU-4;;
3620-DB-1;;
3630-DB-1;;
3630-TK-1;;
3630-DB-2;;
3630-TK-2;;
3630-PU-201;;
3630-PU-202;;
3630-PU-203;;
3630-TK-4;;
3630-PU-208;;
3630-PU-209;;
3630-PU-11;;
3630-PU-13;;
3630-AR-202;;
3630-TK-5;;
3630-PU-204;;
3630-PU-205;;
3630-FL-201;;
3630-FL-202;;
3630-FL-203;;
3630-PU-10;;
3630-PU-210;;
3630-PU-211;;
3630-AR-201;;
3630-SC-1;;
3710-SA-301;;
3710-TH-1;;
3710-PU-1;;
3710-TH-2;;
3710-PU-2;;
3710-BX-1;;
3710-DB-1;;
3720-TK-2;;
3720-PU-1;;
3720-PU-2;;
3720-PU-3;;
3720-PU-4;;
3720-PU-5;;
3720-PU-6;;
